timestamp,station_id,rainfall_mm,river_level_m
2026-08-29 22:22:53.366689,STN_001,7.99,
2026-08-29 23:22:53.366689,STN_001,10.17,
2026-08-30 00:22:53.366689,STN_001,12.05,
2026-08-30 01:22:53.366689,STN_001,9.17,
2026-08-30 02:22:53.366689,STN_001,22.77,
2026-08-30 03:22:53.366689,STN_001,11.58,
2026-08-30 04:22:53.366689,STN_001,9.59,
2026-08-30 05:22:53.366689,STN_001,8.96,
2026-08-30 06:22:53.366689,STN_001,8.65,
2026-08-30 07:22:53.366689,STN_001,12.19,
2026-08-30 08:22:53.366689,STN_001,9.27,
2026-08-30 09:22:53.366689,STN_001,7.21,
2026-08-30 10:22:53.366689,STN_001,8.99,
2026-08-30 11:22:53.366689,STN_001,12.32,
2026-08-30 12:22:53.366689,STN_001,7.77,
2026-08-30 13:22:53.366689,STN_001,7.74,
2026-08-30 14:22:53.366689,STN_001,10.0,
2026-08-30 15:22:53.366689,STN_001,10.0,
2026-08-30 16:22:53.366689,STN_001,10.99,
2026-08-30 17:22:53.366689,STN_001,14.54,
2026-08-30 18:22:53.366689,STN_001,12.12,
2026-08-30 19:22:53.366689,STN_001,10.74,
2026-08-30 20:22:53.366689,STN_001,12.09,
2026-08-30 21:22:53.366689,STN_001,8.52,6.33
2026-08-30 22:22:53.366689,STN_001,8.86,6.15
2026-08-30 23:22:53.366689,STN_001,8.1,6.04
2026-08-31 00:22:53.366689,STN_001,8.46,5.95
2026-08-31 01:22:53.366689,STN_001,11.06,6.22
2026-08-31 02:22:53.366689,STN_001,7.45,6.08
2026-08-31 03:22:53.366689,STN_001,9.34,5.18
2026-08-31 04:22:53.366689,STN_001,9.32,5.95
2026-08-31 05:22:53.366689,STN_001,9.79,6.11
2026-08-31 06:22:53.366689,STN_001,9.29,6.07
2026-08-31 07:22:53.366689,STN_001,8.57,5.6
2026-08-31 08:22:53.366689,STN_001,9.29,5.77
2026-08-31 09:22:53.366689,STN_001,16.02,5.84
2026-08-31 10:22:53.366689,STN_001,18.61,5.55
2026-08-31 11:22:53.366689,STN_001,9.86,6.13
2026-08-31 12:22:53.366689,STN_001,10.98,5.68
2026-08-31 13:22:53.366689,STN_001,7.56,6.37
2026-08-31 14:22:53.366689,STN_001,8.59,6.0
2026-08-31 15:22:53.366689,STN_001,9.21,5.84
2026-08-31 16:22:53.366689,STN_001,15.12,5.92
2026-08-31 17:22:53.366689,STN_001,8.22,5.89
2026-08-31 18:22:53.366689,STN_001,74.58,6.85
2026-08-31 19:22:53.366689,STN_001,24.02,6.82
2026-08-31 20:22:53.366689,STN_001,10.0,6.44
2026-08-31 21:22:53.366689,STN_001,10.86,6.61
2026-08-31 22:22:53.366689,STN_001,7.69,6.45
2026-08-31 23:22:53.366689,STN_001,14.17,6.09
2026-09-01 00:22:53.366689,STN_001,10.87,6.91
2026-09-01 01:22:53.366689,STN_001,10.32,6.46
2026-09-01 02:22:53.366689,STN_001,8.85,6.74
2026-09-01 03:22:53.366689,STN_001,8.62,6.35
2026-09-01 04:22:53.366689,STN_001,9.33,6.6
2026-09-01 05:22:53.366689,STN_001,11.75,6.89
2026-09-01 06:22:53.366689,STN_001,15.5,6.47
2026-09-01 07:22:53.366689,STN_001,10.03,6.93
2026-09-01 08:22:53.366689,STN_001,11.6,7.06
2026-09-01 09:22:53.366689,STN_001,10.7,6.6
2026-09-01 10:22:53.366689,STN_001,11.09,5.81
2026-09-01 11:22:53.366689,STN_001,11.66,6.61
2026-09-01 12:22:53.366689,STN_001,14.56,6.84
2026-09-01 13:22:53.366689,STN_001,7.52,6.61
2026-09-01 14:22:53.366689,STN_001,12.94,7.14
2026-09-01 15:22:53.366689,STN_001,8.29,6.74
2026-09-01 16:22:53.366689,STN_001,8.04,6.34
2026-09-01 17:22:53.366689,STN_001,10.57,6.29
2026-09-01 18:22:53.366689,STN_001,7.57,5.73
2026-09-01 19:22:53.366689,STN_001,15.83,6.67
2026-09-01 20:22:53.366689,STN_001,11.12,6.01
2026-09-01 21:22:53.366689,STN_001,12.31,6.27
2026-09-01 22:22:53.366689,STN_001,7.34,6.79
2026-09-01 23:22:53.366689,STN_001,10.88,5.92
2026-09-02 00:22:53.366689,STN_001,10.53,6.0
2026-09-02 01:22:53.366689,STN_001,7.97,5.96
2026-09-02 02:22:53.366689,STN_001,7.94,5.76
2026-09-02 03:22:53.366689,STN_001,12.03,5.92
2026-09-02 04:22:53.366689,STN_001,8.81,6.33
2026-09-02 05:22:53.366689,STN_001,11.98,5.83
2026-09-02 06:22:53.366689,STN_001,10.51,5.85
2026-09-02 07:22:53.366689,STN_001,9.24,6.01
2026-09-02 08:22:53.366689,STN_001,17.64,6.06
2026-09-02 09:22:53.366689,STN_001,14.65,6.14
2026-09-02 10:22:53.366689,STN_001,9.04,6.12
2026-09-02 11:22:53.366689,STN_001,24.12,6.03
2026-09-02 12:22:53.366689,STN_001,8.73,5.83
2026-09-02 13:22:53.366689,STN_001,9.31,6.04
2026-09-02 14:22:53.366689,STN_001,12.16,6.63
2026-09-02 15:22:53.366689,STN_001,,6.44
2026-09-02 16:22:53.366689,STN_001,,6.32
2026-09-02 17:22:53.366689,STN_001,13.03,6.92
2026-09-02 18:22:53.366689,STN_001,10.87,7.49
2026-09-02 19:22:53.366689,STN_001,11.98,7.19
2026-09-02 20:22:53.366689,STN_001,7.93,6.39
2026-09-02 21:22:53.366689,STN_001,9.31,7.04
2026-09-02 22:22:53.366689,STN_001,8.48,6.81
2026-09-02 23:22:53.366689,STN_001,9.06,7.0
2026-09-03 00:22:53.366689,STN_001,10.26,6.65
2026-09-03 01:22:53.366689,STN_001,11.77,6.51
2026-09-03 02:22:53.366689,STN_001,7.83,6.73
2026-09-03 03:22:53.366689,STN_001,7.94,6.96
2026-09-03 04:22:53.366689,STN_001,8.93,6.65
2026-09-03 05:22:53.366689,STN_001,11.71,6.24
2026-09-03 06:22:53.366689,STN_001,14.87,6.54
2026-09-03 07:22:53.366689,STN_001,10.6,6.77
2026-09-03 08:22:53.366689,STN_001,15.09,6.53
2026-09-03 09:22:53.366689,STN_001,9.32,6.74
2026-09-03 10:22:53.366689,STN_001,8.9,5.93
2026-09-03 11:22:53.366689,STN_001,9.13,6.7
2026-09-03 12:22:53.366689,STN_001,8.13,6.71
2026-09-03 13:22:53.366689,STN_001,14.44,6.15
2026-09-03 14:22:53.366689,STN_001,9.03,6.82
2026-09-03 15:22:53.366689,STN_001,10.59,6.37
2026-09-03 16:22:53.366689,STN_001,10.83,5.85
2026-09-03 17:22:53.366689,STN_001,10.33,6.0
2026-09-03 18:22:53.366689,STN_001,7.39,6.07
2026-09-03 19:22:53.366689,STN_001,25.19,5.94
2026-09-03 20:22:53.366689,STN_001,16.81,5.27
2026-09-03 21:22:53.366689,STN_001,8.31,6.01
2026-09-03 22:22:53.366689,STN_001,8.86,5.81
2026-09-03 23:22:53.366689,STN_001,10.42,5.87
2026-09-04 00:22:53.366689,STN_001,16.77,6.2
2026-09-04 01:22:53.366689,STN_001,23.93,6.47
2026-09-04 02:22:53.366689,STN_001,8.67,6.42
2026-09-04 03:22:53.366689,STN_001,10.8,6.6
2026-09-04 04:22:53.366689,STN_001,14.06,6.41
2026-09-04 05:22:53.366689,STN_001,9.49,6.42
2026-09-04 06:22:53.366689,STN_001,12.73,6.55
2026-09-04 07:22:53.366689,STN_001,8.18,6.58
2026-09-04 08:22:53.366689,STN_001,11.15,6.77
2026-09-04 09:22:53.366689,STN_001,15.52,6.58
2026-09-04 10:22:53.366689,STN_001,23.9,6.92
2026-09-04 11:22:53.366689,STN_001,7.81,6.5
2026-09-04 12:22:53.366689,STN_001,9.72,6.42
2026-09-04 13:22:53.366689,STN_001,8.4,5.95
2026-09-04 14:22:53.366689,STN_001,9.88,5.84
2026-09-04 15:22:53.366689,STN_001,10.65,6.04
2026-09-04 16:22:53.366689,STN_001,7.87,6.44
2026-09-04 17:22:53.366689,STN_001,8.89,6.09
2026-09-04 18:22:53.366689,STN_001,17.98,7.08
2026-09-04 19:22:53.366689,STN_001,10.85,6.18
2026-09-04 20:22:53.366689,STN_001,9.93,6.18
2026-09-04 21:22:53.366689,STN_001,13.08,6.37
2026-09-04 22:22:53.366689,STN_001,13.0,6.38
2026-09-04 23:22:53.366689,STN_001,7.78,6.7
2026-09-05 00:22:53.366689,STN_001,12.52,6.13
2026-09-05 01:22:53.366689,STN_001,14.89,
2026-09-05 02:22:53.366689,STN_001,8.31,6.1
2026-09-05 03:22:53.366689,STN_001,13.66,5.91
2026-09-05 04:22:53.366689,STN_001,,6.34
2026-09-05 05:22:53.366689,STN_001,9.05,6.04
2026-09-05 06:22:53.366689,STN_001,11.96,6.21
2026-09-05 07:22:53.366689,STN_001,8.06,5.83
2026-09-05 08:22:53.366689,STN_001,11.96,6.11
2026-09-05 09:22:53.366689,STN_001,16.34,6.01
2026-09-05 10:22:53.366689,STN_001,12.35,6.24
2026-09-05 11:22:53.366689,STN_001,9.9,6.67
2026-09-05 12:22:53.366689,STN_001,9.89,6.66
2026-09-05 13:22:53.366689,STN_001,13.38,5.88
2026-09-05 14:22:53.366689,STN_001,10.92,5.82
2026-09-05 15:22:53.366689,STN_001,7.94,6.55
2026-09-05 16:22:53.366689,STN_001,11.08,6.19
2026-09-05 17:22:53.366689,STN_001,14.33,5.88
2026-09-05 18:22:53.366689,STN_001,9.23,5.97
2026-09-05 19:22:53.366689,STN_001,18.08,5.87
2026-09-05 20:22:53.366689,STN_001,13.14,6.28
2026-09-05 21:22:53.366689,STN_001,11.0,6.46
2026-09-05 22:22:53.366689,STN_001,13.26,5.96
2026-09-05 23:22:53.366689,STN_001,8.02,6.67
2026-09-06 00:22:53.366689,STN_001,15.53,6.29
2026-09-06 01:22:53.366689,STN_001,14.58,6.33
2026-09-06 02:22:53.366689,STN_001,17.31,6.59
2026-09-06 03:22:53.366689,STN_001,8.24,6.17
2026-09-06 04:22:53.366689,STN_001,8.03,6.3
2026-09-06 05:22:53.366689,STN_001,8.28,6.65
2026-09-06 06:22:53.366689,STN_001,9.73,5.9
2026-09-06 07:22:53.366689,STN_001,9.89,6.09
2026-09-06 08:22:53.366689,STN_001,62.33,6.62
2026-09-06 09:22:53.366689,STN_001,8.21,6.53
2026-09-06 10:22:53.366689,STN_001,8.59,7.01
2026-09-06 11:22:53.366689,STN_001,14.36,6.9
2026-09-06 12:22:53.366689,STN_001,10.21,6.56
2026-09-06 13:22:53.366689,STN_001,14.29,6.82
2026-09-06 14:22:53.366689,STN_001,7.72,7.17
2026-09-06 15:22:53.366689,STN_001,10.89,7.2
2026-09-06 16:22:53.366689,STN_001,18.43,6.78
2026-09-06 17:22:53.366689,STN_001,11.18,6.8
2026-09-06 18:22:53.366689,STN_001,8.61,6.9
2026-09-06 19:22:53.366689,STN_001,12.75,7.46
2026-09-06 20:22:53.366689,STN_001,9.59,6.54
2026-09-06 21:22:53.366689,STN_001,12.1,6.74
2026-09-06 22:22:53.366689,STN_001,7.91,6.02
2026-09-06 23:22:53.366689,STN_001,11.83,6.66
2026-09-07 00:22:53.366689,STN_001,7.92,6.96
2026-09-07 01:22:53.366689,STN_001,13.25,6.44
2026-09-07 02:22:53.366689,STN_001,10.35,6.93
2026-09-07 03:22:53.366689,STN_001,8.31,6.36
2026-09-07 04:22:53.366689,STN_001,10.92,6.91
2026-09-07 05:22:53.366689,STN_001,8.06,6.5
2026-09-07 06:22:53.366689,STN_001,12.03,6.57
2026-09-07 07:22:53.366689,STN_001,126.24,7.3
2026-09-07 08:22:53.366689,STN_001,13.66,6.63
2026-09-07 09:22:53.366689,STN_001,11.2,7.09
2026-09-07 10:22:53.366689,STN_001,8.22,6.89
2026-09-07 11:22:53.366689,STN_001,12.6,7.11
2026-09-07 12:22:53.366689,STN_001,12.12,6.96
2026-09-07 13:22:53.366689,STN_001,7.99,6.85
2026-09-07 14:22:53.366689,STN_001,,6.53
2026-09-07 15:22:53.366689,STN_001,10.71,7.1
2026-09-07 16:22:53.366689,STN_001,10.01,7.05
2026-09-07 17:22:53.366689,STN_001,14.0,7.58
2026-09-07 18:22:53.366689,STN_001,9.91,7.28
2026-09-07 19:22:53.366689,STN_001,10.41,6.71
2026-09-07 20:22:53.366689,STN_001,8.59,7.4
2026-09-07 21:22:53.366689,STN_001,9.34,6.79
2026-09-07 22:22:53.366689,STN_001,64.07,7.59
2026-09-07 23:22:53.366689,STN_001,8.72,7.48
2026-09-08 00:22:53.366689,STN_001,10.05,7.55
2026-09-08 01:22:53.366689,STN_001,25.94,7.72
2026-09-08 02:22:53.366689,STN_001,8.97,7.78
2026-09-08 03:22:53.366689,STN_001,17.84,7.33
2026-09-08 04:22:53.366689,STN_001,17.91,8.24
2026-09-08 05:22:53.366689,STN_001,8.27,8.12
2026-09-08 06:22:53.366689,STN_001,10.38,7.63
2026-09-08 07:22:53.366689,STN_001,10.68,6.85
2026-09-08 08:22:53.366689,STN_001,9.4,6.47
2026-09-08 09:22:53.366689,STN_001,8.08,6.93
2026-09-08 10:22:53.366689,STN_001,9.0,6.77
2026-09-08 11:22:53.366689,STN_001,8.29,6.59
2026-09-08 12:22:53.366689,STN_001,8.98,6.79
2026-09-08 13:22:53.366689,STN_001,14.49,6.83
2026-09-08 14:22:53.366689,STN_001,16.9,6.86
2026-09-08 15:22:53.366689,STN_001,8.07,6.53
2026-09-08 16:22:53.366689,STN_001,27.9,6.59
2026-09-08 17:22:53.366689,STN_001,23.66,7.29
2026-09-08 18:22:53.366689,STN_001,10.99,7.0
2026-09-08 19:22:53.366689,STN_001,11.83,6.77
2026-09-08 20:22:53.366689,STN_001,7.91,6.68
2026-09-08 21:22:53.366689,STN_001,10.54,7.25
2026-08-29 22:22:53.366689,STN_002,12.1,
2026-08-29 23:22:53.366689,STN_002,8.89,
2026-08-30 00:22:53.366689,STN_002,4.33,
2026-08-30 01:22:53.366689,STN_002,4.55,
2026-08-30 02:22:53.366689,STN_002,6.35,
2026-08-30 03:22:53.366689,STN_002,9.25,
2026-08-30 04:22:53.366689,STN_002,7.24,
2026-08-30 05:22:53.366689,STN_002,6.17,
2026-08-30 06:22:53.366689,STN_002,7.02,
2026-08-30 07:22:53.366689,STN_002,9.03,
2026-08-30 08:22:53.366689,STN_002,6.47,
2026-08-30 09:22:53.366689,STN_002,12.51,
2026-08-30 10:22:53.366689,STN_002,15.14,
2026-08-30 11:22:53.366689,STN_002,13.26,
2026-08-30 12:22:53.366689,STN_002,45.05,
2026-08-30 13:22:53.366689,STN_002,4.52,
2026-08-30 14:22:53.366689,STN_002,5.33,
2026-08-30 15:22:53.366689,STN_002,4.7,
2026-08-30 16:22:53.366689,STN_002,7.67,
2026-08-30 17:22:53.366689,STN_002,4.95,
2026-08-30 18:22:53.366689,STN_002,9.0,
2026-08-30 19:22:53.366689,STN_002,3.87,
2026-08-30 20:22:53.366689,STN_002,9.36,
2026-08-30 21:22:53.366689,STN_002,6.91,7.14
2026-08-30 22:22:53.366689,STN_002,10.71,7.96
2026-08-30 23:22:53.366689,STN_002,5.74,8.34
2026-08-31 00:22:53.366689,STN_002,7.41,7.28
2026-08-31 01:22:53.366689,STN_002,6.72,7.49
2026-08-31 02:22:53.366689,STN_002,18.35,6.59
2026-08-31 03:22:53.366689,STN_002,9.12,7.09
2026-08-31 04:22:53.366689,STN_002,6.64,7.05
2026-08-31 05:22:53.366689,STN_002,4.25,7.61
2026-08-31 06:22:53.366689,STN_002,12.87,7.25
2026-08-31 07:22:53.366689,STN_002,4.41,7.78
2026-08-31 08:22:53.366689,STN_002,7.69,7.7
2026-08-31 09:22:53.366689,STN_002,14.51,7.35
2026-08-31 10:22:53.366689,STN_002,4.5,7.16
2026-08-31 11:22:53.366689,STN_002,12.16,7.34
2026-08-31 12:22:53.366689,STN_002,11.13,7.71
2026-08-31 13:22:53.366689,STN_002,10.52,6.98
2026-08-31 14:22:53.366689,STN_002,5.22,6.52
2026-08-31 15:22:53.366689,STN_002,4.72,7.14
2026-08-31 16:22:53.366689,STN_002,4.03,7.19
2026-08-31 17:22:53.366689,STN_002,21.16,7.34
2026-08-31 18:22:53.366689,STN_002,10.7,7.02
2026-08-31 19:22:53.366689,STN_002,12.68,7.34
2026-08-31 20:22:53.366689,STN_002,6.37,7.17
2026-08-31 21:22:53.366689,STN_002,3.97,7.88
2026-08-31 22:22:53.366689,STN_002,3.81,7.11
2026-08-31 23:22:53.366689,STN_002,5.2,7.16
2026-09-01 00:22:53.366689,STN_002,29.16,7.79
2026-09-01 01:22:53.366689,STN_002,15.39,7.13
2026-09-01 02:22:53.366689,STN_002,10.95,7.56
2026-09-01 03:22:53.366689,STN_002,4.28,
2026-09-01 04:22:53.366689,STN_002,5.77,7.14
2026-09-01 05:22:53.366689,STN_002,4.72,7.06
2026-09-01 06:22:53.366689,STN_002,4.51,7.59
2026-09-01 07:22:53.366689,STN_002,8.21,7.63
2026-09-01 08:22:53.366689,STN_002,6.26,7.45
2026-09-01 09:22:53.366689,STN_002,5.16,6.83
2026-09-01 10:22:53.366689,STN_002,4.01,7.43
2026-09-01 11:22:53.366689,STN_002,6.74,7.01
2026-09-01 12:22:53.366689,STN_002,5.3,7.41
2026-09-01 13:22:53.366689,STN_002,5.58,7.18
2026-09-01 14:22:53.366689,STN_002,5.08,7.32
2026-09-01 15:22:53.366689,STN_002,5.55,7.49
2026-09-01 16:22:53.366689,STN_002,6.84,7.37
2026-09-01 17:22:53.366689,STN_002,3.65,6.98
2026-09-01 18:22:53.366689,STN_002,11.12,7.63
2026-09-01 19:22:53.366689,STN_002,13.79,7.29
2026-09-01 20:22:53.366689,STN_002,6.79,7.09
2026-09-01 21:22:53.366689,STN_002,4.84,6.57
2026-09-01 22:22:53.366689,STN_002,22.21,6.97
2026-09-01 23:22:53.366689,STN_002,5.63,7.75
2026-09-02 00:22:53.366689,STN_002,8.43,7.1
2026-09-02 01:22:53.366689,STN_002,8.38,6.8
2026-09-02 02:22:53.366689,STN_002,5.97,6.88
2026-09-02 03:22:53.366689,STN_002,4.58,7.18
2026-09-02 04:22:53.366689,STN_002,17.29,7.39
2026-09-02 05:22:53.366689,STN_002,3.96,6.92
2026-09-02 06:22:53.366689,STN_002,6.35,7.35
2026-09-02 07:22:53.366689,STN_002,4.69,7.14
2026-09-02 08:22:53.366689,STN_002,5.09,7.16
2026-09-02 09:22:53.366689,STN_002,10.75,6.67
2026-09-02 10:22:53.366689,STN_002,5.53,7.47
2026-09-02 11:22:53.366689,STN_002,4.04,6.94
2026-09-02 12:22:53.366689,STN_002,4.57,6.27
2026-09-02 13:22:53.366689,STN_002,11.57,6.92
2026-09-02 14:22:53.366689,STN_002,18.79,7.22
2026-09-02 15:22:53.366689,STN_002,4.94,6.23
2026-09-02 16:22:53.366689,STN_002,8.2,7.87
2026-09-02 17:22:53.366689,STN_002,4.03,7.16
2026-09-02 18:22:53.366689,STN_002,8.84,7.15
2026-09-02 19:22:53.366689,STN_002,5.85,7.05
2026-09-02 20:22:53.366689,STN_002,13.71,7.11
2026-09-02 21:22:53.366689,STN_002,5.19,7.41
2026-09-02 22:22:53.366689,STN_002,15.15,6.96
2026-09-02 23:22:53.366689,STN_002,6.6,7.04
2026-09-03 00:22:53.366689,STN_002,5.51,6.99
2026-09-03 01:22:53.366689,STN_002,7.96,7.34
2026-09-03 02:22:53.366689,STN_002,4.95,6.95
2026-09-03 03:22:53.366689,STN_002,4.84,7.33
2026-09-03 04:22:53.366689,STN_002,4.67,7.63
2026-09-03 05:22:53.366689,STN_002,16.66,7.31
2026-09-03 06:22:53.366689,STN_002,6.51,7.05
2026-09-03 07:22:53.366689,STN_002,9.37,6.97
2026-09-03 08:22:53.366689,STN_002,6.37,7.08
2026-09-03 09:22:53.366689,STN_002,7.34,7.42
2026-09-03 10:22:53.366689,STN_002,7.31,7.63
2026-09-03 11:22:53.366689,STN_002,19.42,7.3
2026-09-03 12:22:53.366689,STN_002,8.21,7.24
2026-09-03 13:22:53.366689,STN_002,4.9,7.1
2026-09-03 14:22:53.366689,STN_002,3.86,7.42
2026-09-03 15:22:53.366689,STN_002,4.79,7.15
2026-09-03 16:22:53.366689,STN_002,6.23,7.59
2026-09-03 17:22:53.366689,STN_002,5.8,7.76
2026-09-03 18:22:53.366689,STN_002,10.49,6.99
2026-09-03 19:22:53.366689,STN_002,9.96,7.65
2026-09-03 20:22:53.366689,STN_002,4.17,7.24
2026-09-03 21:22:53.366689,STN_002,15.95,7.57
2026-09-03 22:22:53.366689,STN_002,6.9,6.83
2026-09-03 23:22:53.366689,STN_002,7.53,7.22
2026-09-04 00:22:53.366689,STN_002,5.98,6.83
2026-09-04 01:22:53.366689,STN_002,8.1,7.51
2026-09-04 02:22:53.366689,STN_002,12.1,7.04
2026-09-04 03:22:53.366689,STN_002,8.38,7.1
2026-09-04 04:22:53.366689,STN_002,17.94,6.82
2026-09-04 05:22:53.366689,STN_002,8.73,7.2
2026-09-04 06:22:53.366689,STN_002,10.8,7.66
2026-09-04 07:22:53.366689,STN_002,4.09,7.19
2026-09-04 08:22:53.366689,STN_002,8.37,7.95
2026-09-04 09:22:53.366689,STN_002,8.16,7.28
2026-09-04 10:22:53.366689,STN_002,4.33,7.84
2026-09-04 11:22:53.366689,STN_002,11.29,6.91
2026-09-04 12:22:53.366689,STN_002,7.71,7.02
2026-09-04 13:22:53.366689,STN_002,4.32,7.27
2026-09-04 14:22:53.366689,STN_002,7.51,7.02
2026-09-04 15:22:53.366689,STN_002,6.51,7.48
2026-09-04 16:22:53.366689,STN_002,4.96,7.38
2026-09-04 17:22:53.366689,STN_002,3.98,7.46
2026-09-04 18:22:53.366689,STN_002,5.72,7.25
2026-09-04 19:22:53.366689,STN_002,,7.21
2026-09-04 20:22:53.366689,STN_002,5.5,6.99
2026-09-04 21:22:53.366689,STN_002,5.37,7.0
2026-09-04 22:22:53.366689,STN_002,9.57,7.53
2026-09-04 23:22:53.366689,STN_002,9.69,7.02
2026-09-05 00:22:53.366689,STN_002,9.08,7.43
2026-09-05 01:22:53.366689,STN_002,32.0,7.47
2026-09-05 02:22:53.366689,STN_002,6.91,7.65
2026-09-05 03:22:53.366689,STN_002,7.27,7.56
2026-09-05 04:22:53.366689,STN_002,9.47,7.55
2026-09-05 05:22:53.366689,STN_002,13.34,7.57
2026-09-05 06:22:53.366689,STN_002,5.85,7.42
2026-09-05 07:22:53.366689,STN_002,6.24,7.29
2026-09-05 08:22:53.366689,STN_002,9.28,7.59
2026-09-05 09:22:53.366689,STN_002,27.11,7.07
2026-09-05 10:22:53.366689,STN_002,7.27,7.31
2026-09-05 11:22:53.366689,STN_002,41.76,7.3
2026-09-05 12:22:53.366689,STN_002,4.87,7.64
2026-09-05 13:22:53.366689,STN_002,4.82,7.58
2026-09-05 14:22:53.366689,STN_002,4.34,7.04
2026-09-05 15:22:53.366689,STN_002,4.34,7.49
2026-09-05 16:22:53.366689,STN_002,11.48,7.48
2026-09-05 17:22:53.366689,STN_002,5.94,7.4
2026-09-05 18:22:53.366689,STN_002,4.26,7.74
2026-09-05 19:22:53.366689,STN_002,13.07,7.8
2026-09-05 20:22:53.366689,STN_002,5.02,7.58
2026-09-05 21:22:53.366689,STN_002,5.25,8.15
2026-09-05 22:22:53.366689,STN_002,4.97,8.11
2026-09-05 23:22:53.366689,STN_002,17.81,8.19
2026-09-06 00:22:53.366689,STN_002,4.58,8.32
2026-09-06 01:22:53.366689,STN_002,9.23,7.39
2026-09-06 02:22:53.366689,STN_002,,7.62
2026-09-06 03:22:53.366689,STN_002,8.52,7.05
2026-09-06 04:22:53.366689,STN_002,11.94,7.87
2026-09-06 05:22:53.366689,STN_002,5.22,7.58
2026-09-06 06:22:53.366689,STN_002,8.59,
2026-09-06 07:22:53.366689,STN_002,8.93,8.27
2026-09-06 08:22:53.366689,STN_002,6.56,7.99
2026-09-06 09:22:53.366689,STN_002,12.28,7.19
2026-09-06 10:22:53.366689,STN_002,8.85,7.15
2026-09-06 11:22:53.366689,STN_002,13.12,7.48
2026-09-06 12:22:53.366689,STN_002,9.7,7.19
2026-09-06 13:22:53.366689,STN_002,7.05,7.15
2026-09-06 14:22:53.366689,STN_002,6.87,
2026-09-06 15:22:53.366689,STN_002,6.53,7.07
2026-09-06 16:22:53.366689,STN_002,4.19,7.18
2026-09-06 17:22:53.366689,STN_002,7.17,7.35
2026-09-06 18:22:53.366689,STN_002,6.31,7.57
2026-09-06 19:22:53.366689,STN_002,36.58,7.65
2026-09-06 20:22:53.366689,STN_002,4.61,7.58
2026-09-06 21:22:53.366689,STN_002,6.49,8.03
2026-09-06 22:22:53.366689,STN_002,4.37,7.31
2026-09-06 23:22:53.366689,STN_002,21.45,7.12
2026-09-07 00:22:53.366689,STN_002,6.11,7.56
2026-09-07 01:22:53.366689,STN_002,6.14,7.64
2026-09-07 02:22:53.366689,STN_002,4.42,7.11
2026-09-07 03:22:53.366689,STN_002,6.43,
2026-09-07 04:22:53.366689,STN_002,4.27,7.65
2026-09-07 05:22:53.366689,STN_002,4.33,7.63
2026-09-07 06:22:53.366689,STN_002,5.87,7.18
2026-09-07 07:22:53.366689,STN_002,11.09,7.11
2026-09-07 08:22:53.366689,STN_002,6.67,7.55
2026-09-07 09:22:53.366689,STN_002,4.27,7.6
2026-09-07 10:22:53.366689,STN_002,4.92,6.89
2026-09-07 11:22:53.366689,STN_002,9.6,7.25
2026-09-07 12:22:53.366689,STN_002,9.57,7.22
2026-09-07 13:22:53.366689,STN_002,9.83,7.07
2026-09-07 14:22:53.366689,STN_002,5.94,7.35
2026-09-07 15:22:53.366689,STN_002,5.95,7.16
2026-09-07 16:22:53.366689,STN_002,10.69,7.56
2026-09-07 17:22:53.366689,STN_002,6.24,7.5
2026-09-07 18:22:53.366689,STN_002,9.41,6.95
2026-09-07 19:22:53.366689,STN_002,7.69,6.6
2026-09-07 20:22:53.366689,STN_002,6.02,7.33
2026-09-07 21:22:53.366689,STN_002,4.54,7.48
2026-09-07 22:22:53.366689,STN_002,4.81,7.41
2026-09-07 23:22:53.366689,STN_002,13.12,7.28
2026-09-08 00:22:53.366689,STN_002,6.72,6.92
2026-09-08 01:22:53.366689,STN_002,24.78,7.31
2026-09-08 02:22:53.366689,STN_002,6.12,7.96
2026-09-08 03:22:53.366689,STN_002,5.46,7.28
2026-09-08 04:22:53.366689,STN_002,6.04,7.59
2026-09-08 05:22:53.366689,STN_002,5.99,6.76
2026-09-08 06:22:53.366689,STN_002,8.37,7.37
2026-09-08 07:22:53.366689,STN_002,4.36,7.22
2026-09-08 08:22:53.366689,STN_002,10.07,7.13
2026-09-08 09:22:53.366689,STN_002,6.47,7.49
2026-09-08 10:22:53.366689,STN_002,6.58,7.49
2026-09-08 11:22:53.366689,STN_002,6.94,7.2
2026-09-08 12:22:53.366689,STN_002,6.7,7.36
2026-09-08 13:22:53.366689,STN_002,7.06,7.54
2026-09-08 14:22:53.366689,STN_002,6.01,7.55
2026-09-08 15:22:53.366689,STN_002,6.73,7.0
2026-09-08 16:22:53.366689,STN_002,6.39,7.92
2026-09-08 17:22:53.366689,STN_002,7.23,7.38
2026-09-08 18:22:53.366689,STN_002,8.22,7.03
2026-09-08 19:22:53.366689,STN_002,5.41,7.13
2026-09-08 20:22:53.366689,STN_002,7.15,6.8
2026-09-08 21:22:53.366689,STN_002,7.92,6.94
2026-08-29 22:22:53.366689,STN_003,6.43,
2026-08-29 23:22:53.366689,STN_003,6.54,
2026-08-30 00:22:53.366689,STN_003,8.03,
2026-08-30 01:22:53.366689,STN_003,19.75,
2026-08-30 02:22:53.366689,STN_003,8.33,
2026-08-30 03:22:53.366689,STN_003,7.04,
2026-08-30 04:22:53.366689,STN_003,8.54,
2026-08-30 05:22:53.366689,STN_003,9.4,
2026-08-30 06:22:53.366689,STN_003,9.35,
2026-08-30 07:22:53.366689,STN_003,10.58,
2026-08-30 08:22:53.366689,STN_003,7.96,
2026-08-30 09:22:53.366689,STN_003,22.68,
2026-08-30 10:22:53.366689,STN_003,6.29,
2026-08-30 11:22:53.366689,STN_003,5.64,
2026-08-30 12:22:53.366689,STN_003,7.3,
2026-08-30 13:22:53.366689,STN_003,8.06,
2026-08-30 14:22:53.366689,STN_003,5.99,
2026-08-30 15:22:53.366689,STN_003,7.6,
2026-08-30 16:22:53.366689,STN_003,5.5,
2026-08-30 17:22:53.366689,STN_003,5.72,
2026-08-30 18:22:53.366689,STN_003,6.88,
2026-08-30 19:22:53.366689,STN_003,12.89,
2026-08-30 20:22:53.366689,STN_003,12.86,
2026-08-30 21:22:53.366689,STN_003,9.43,6.47
2026-08-30 22:22:53.366689,STN_003,6.99,6.3
2026-08-30 23:22:53.366689,STN_003,8.22,7.21
2026-08-31 00:22:53.366689,STN_003,16.2,
2026-08-31 01:22:53.366689,STN_003,37.04,6.52
2026-08-31 02:22:53.366689,STN_003,6.76,6.13
2026-08-31 03:22:53.366689,STN_003,5.81,6.87
2026-08-31 04:22:53.366689,STN_003,6.24,6.99
2026-08-31 05:22:53.366689,STN_003,6.27,6.74
2026-08-31 06:22:53.366689,STN_003,7.22,6.63
2026-08-31 07:22:53.366689,STN_003,10.44,6.64
2026-08-31 08:22:53.366689,STN_003,6.96,6.63
2026-08-31 09:22:53.366689,STN_003,9.01,6.46
2026-08-31 10:22:53.366689,STN_003,9.94,6.56
2026-08-31 11:22:53.366689,STN_003,8.99,6.55
2026-08-31 12:22:53.366689,STN_003,5.7,6.82
2026-08-31 13:22:53.366689,STN_003,44.34,7.23
2026-08-31 14:22:53.366689,STN_003,6.03,7.07
2026-08-31 15:22:53.366689,STN_003,6.62,7.33
2026-08-31 16:22:53.366689,STN_003,10.0,7.21
2026-08-31 17:22:53.366689,STN_003,9.27,7.4
2026-08-31 18:22:53.366689,STN_003,6.68,7.14
2026-08-31 19:22:53.366689,STN_003,6.9,6.94
2026-08-31 20:22:53.366689,STN_003,6.41,7.33
2026-08-31 21:22:53.366689,STN_003,7.65,6.58
2026-08-31 22:22:53.366689,STN_003,6.31,7.32
2026-08-31 23:22:53.366689,STN_003,13.11,6.85
2026-09-01 00:22:53.366689,STN_003,6.5,7.19
2026-09-01 01:22:53.366689,STN_003,6.27,6.67
2026-09-01 02:22:53.366689,STN_003,6.74,6.35
2026-09-01 03:22:53.366689,STN_003,7.5,6.43
2026-09-01 04:22:53.366689,STN_003,12.39,7.21
2026-09-01 05:22:53.366689,STN_003,15.51,6.57
2026-09-01 06:22:53.366689,STN_003,8.93,7.18
2026-09-01 07:22:53.366689,STN_003,12.05,7.14
2026-09-01 08:22:53.366689,STN_003,10.44,6.72
2026-09-01 09:22:53.366689,STN_003,,6.43
2026-09-01 10:22:53.366689,STN_003,10.97,6.91
2026-09-01 11:22:53.366689,STN_003,13.71,6.48
2026-09-01 12:22:53.366689,STN_003,9.72,7.41
2026-09-01 13:22:53.366689,STN_003,6.38,6.83
2026-09-01 14:22:53.366689,STN_003,25.08,6.13
2026-09-01 15:22:53.366689,STN_003,88.64,7.55
2026-09-01 16:22:53.366689,STN_003,7.87,7.24
2026-09-01 17:22:53.366689,STN_003,11.88,7.08
2026-09-01 18:22:53.366689,STN_003,8.68,7.51
2026-09-01 19:22:53.366689,STN_003,11.07,6.84
2026-09-01 20:22:53.366689,STN_003,11.15,7.2
2026-09-01 21:22:53.366689,STN_003,11.32,7.23
2026-09-01 22:22:53.366689,STN_003,5.88,7.16
2026-09-01 23:22:53.366689,STN_003,5.83,7.23
2026-09-02 00:22:53.366689,STN_003,22.51,7.88
2026-09-02 01:22:53.366689,STN_003,11.19,7.46
2026-09-02 02:22:53.366689,STN_003,,7.93
2026-09-02 03:22:53.366689,STN_003,6.35,7.13
2026-09-02 04:22:53.366689,STN_003,7.32,7.27
2026-09-02 05:22:53.366689,STN_003,23.85,7.85
2026-09-02 06:22:53.366689,STN_003,5.93,7.48
2026-09-02 07:22:53.366689,STN_003,10.53,7.23
2026-09-02 08:22:53.366689,STN_003,6.51,7.38
2026-09-02 09:22:53.366689,STN_003,7.67,7.7
2026-09-02 10:22:53.366689,STN_003,16.02,7.25
2026-09-02 11:22:53.366689,STN_003,8.47,7.21
2026-09-02 12:22:53.366689,STN_003,11.41,6.82
2026-09-02 13:22:53.366689,STN_003,6.08,7.83
2026-09-02 14:22:53.366689,STN_003,7.66,7.75
2026-09-02 15:22:53.366689,STN_003,5.85,6.45
2026-09-02 16:22:53.366689,STN_003,14.23,6.97
2026-09-02 17:22:53.366689,STN_003,11.14,6.94
2026-09-02 18:22:53.366689,STN_003,6.34,7.0
2026-09-02 19:22:53.366689,STN_003,8.11,7.07
2026-09-02 20:22:53.366689,STN_003,6.3,6.9
2026-09-02 21:22:53.366689,STN_003,,6.45
2026-09-02 22:22:53.366689,STN_003,15.02,7.07
2026-09-02 23:22:53.366689,STN_003,19.66,6.62
2026-09-03 00:22:53.366689,STN_003,8.42,6.74
2026-09-03 01:22:53.366689,STN_003,12.95,6.54
2026-09-03 02:22:53.366689,STN_003,36.96,6.87
2026-09-03 03:22:53.366689,STN_003,5.94,6.97
2026-09-03 04:22:53.366689,STN_003,6.64,7.1
2026-09-03 05:22:53.366689,STN_003,6.9,7.08
2026-09-03 06:22:53.366689,STN_003,6.27,7.06
2026-09-03 07:22:53.366689,STN_003,7.22,7.17
2026-09-03 08:22:53.366689,STN_003,7.56,6.87
2026-09-03 09:22:53.366689,STN_003,8.12,6.2
2026-09-03 10:22:53.366689,STN_003,15.81,7.18
2026-09-03 11:22:53.366689,STN_003,8.77,6.43
2026-09-03 12:22:53.366689,STN_003,6.47,7.21
2026-09-03 13:22:53.366689,STN_003,8.58,6.97
2026-09-03 14:22:53.366689,STN_003,8.77,7.43
2026-09-03 15:22:53.366689,STN_003,7.38,6.95
2026-09-03 16:22:53.366689,STN_003,9.52,6.72
2026-09-03 17:22:53.366689,STN_003,7.35,6.69
2026-09-03 18:22:53.366689,STN_003,7.21,7.15
2026-09-03 19:22:53.366689,STN_003,14.18,6.87
2026-09-03 20:22:53.366689,STN_003,7.98,6.58
2026-09-03 21:22:53.366689,STN_003,8.74,7.1
2026-09-03 22:22:53.366689,STN_003,9.83,6.34
2026-09-03 23:22:53.366689,STN_003,9.84,6.69
2026-09-04 00:22:53.366689,STN_003,9.82,7.31
2026-09-04 01:22:53.366689,STN_003,11.8,7.27
2026-09-04 02:22:53.366689,STN_003,7.33,6.55
2026-09-04 03:22:53.366689,STN_003,12.31,6.33
2026-09-04 04:22:53.366689,STN_003,9.11,6.43
2026-09-04 05:22:53.366689,STN_003,14.87,6.81
2026-09-04 06:22:53.366689,STN_003,17.02,6.93
2026-09-04 07:22:53.366689,STN_003,6.27,6.69
2026-09-04 08:22:53.366689,STN_003,8.18,6.28
2026-09-04 09:22:53.366689,STN_003,14.47,7.19
2026-09-04 10:22:53.366689,STN_003,8.46,6.59
2026-09-04 11:22:53.366689,STN_003,15.66,6.91
2026-09-04 12:22:53.366689,STN_003,6.06,7.6
2026-09-04 13:22:53.366689,STN_003,9.17,6.62
2026-09-04 14:22:53.366689,STN_003,7.37,6.67
2026-09-04 15:22:53.366689,STN_003,6.98,6.77
2026-09-04 16:22:53.366689,STN_003,8.28,6.83
2026-09-04 17:22:53.366689,STN_003,28.48,6.21
2026-09-04 18:22:53.366689,STN_003,,7.31
2026-09-04 19:22:53.366689,STN_003,14.01,6.86
2026-09-04 20:22:53.366689,STN_003,7.01,7.0
2026-09-04 21:22:53.366689,STN_003,11.3,6.97
2026-09-04 22:22:53.366689,STN_003,7.58,6.76
2026-09-04 23:22:53.366689,STN_003,6.32,6.76
2026-09-05 00:22:53.366689,STN_003,14.75,7.11
2026-09-05 01:22:53.366689,STN_003,9.08,6.58
2026-09-05 02:22:53.366689,STN_003,18.1,7.24
2026-09-05 03:22:53.366689,STN_003,11.08,6.64
2026-09-05 04:22:53.366689,STN_003,7.04,
2026-09-05 05:22:53.366689,STN_003,10.47,7.01
2026-09-05 06:22:53.366689,STN_003,11.54,6.64
2026-09-05 07:22:53.366689,STN_003,,7.3
2026-09-05 08:22:53.366689,STN_003,11.96,6.78
2026-09-05 09:22:53.366689,STN_003,10.6,6.71
2026-09-05 10:22:53.366689,STN_003,7.12,7.02
2026-09-05 11:22:53.366689,STN_003,6.27,7.13
2026-09-05 12:22:53.366689,STN_003,38.84,6.79
2026-09-05 13:22:53.366689,STN_003,7.59,7.32
2026-09-05 14:22:53.366689,STN_003,8.72,7.48
2026-09-05 15:22:53.366689,STN_003,8.35,7.0
2026-09-05 16:22:53.366689,STN_003,7.55,7.47
2026-09-05 17:22:53.366689,STN_003,78.13,7.4
2026-09-05 18:22:53.366689,STN_003,7.14,7.76
2026-09-05 19:22:53.366689,STN_003,13.17,7.31
2026-09-05 20:22:53.366689,STN_003,14.03,7.7
2026-09-05 21:22:53.366689,STN_003,13.44,7.66
2026-09-05 22:22:53.366689,STN_003,6.61,7.76
2026-09-05 23:22:53.366689,STN_003,12.49,
2026-09-06 00:22:53.366689,STN_003,11.99,7.28
2026-09-06 01:22:53.366689,STN_003,9.21,8.12
2026-09-06 02:22:53.366689,STN_003,10.26,7.58
2026-09-06 03:22:53.366689,STN_003,14.06,7.44
2026-09-06 04:22:53.366689,STN_003,6.4,7.51
2026-09-06 05:22:53.366689,STN_003,8.19,7.82
2026-09-06 06:22:53.366689,STN_003,7.41,7.96
2026-09-06 07:22:53.366689,STN_003,8.11,7.55
2026-09-06 08:22:53.366689,STN_003,6.41,7.85
2026-09-06 09:22:53.366689,STN_003,10.83,
2026-09-06 10:22:53.366689,STN_003,17.5,7.67
2026-09-06 11:22:53.366689,STN_003,7.67,7.86
2026-09-06 12:22:53.366689,STN_003,15.67,7.38
2026-09-06 13:22:53.366689,STN_003,6.91,7.32
2026-09-06 14:22:53.366689,STN_003,6.83,7.5
2026-09-06 15:22:53.366689,STN_003,9.35,7.21
2026-09-06 16:22:53.366689,STN_003,7.52,6.94
2026-09-06 17:22:53.366689,STN_003,9.44,6.18
2026-09-06 18:22:53.366689,STN_003,37.43,6.74
2026-09-06 19:22:53.366689,STN_003,15.47,6.84
2026-09-06 20:22:53.366689,STN_003,6.78,6.91
2026-09-06 21:22:53.366689,STN_003,8.17,6.62
2026-09-06 22:22:53.366689,STN_003,12.22,7.3
2026-09-06 23:22:53.366689,STN_003,6.98,7.0
2026-09-07 00:22:53.366689,STN_003,9.46,6.46
2026-09-07 01:22:53.366689,STN_003,11.56,6.7
2026-09-07 02:22:53.366689,STN_003,9.26,7.14
2026-09-07 03:22:53.366689,STN_003,15.63,7.26
2026-09-07 04:22:53.366689,STN_003,8.65,7.1
2026-09-07 05:22:53.366689,STN_003,7.45,6.8
2026-09-07 06:22:53.366689,STN_003,7.79,7.0
2026-09-07 07:22:53.366689,STN_003,12.82,7.23
2026-09-07 08:22:53.366689,STN_003,13.51,7.63
2026-09-07 09:22:53.366689,STN_003,11.4,7.08
2026-09-07 10:22:53.366689,STN_003,6.89,6.85
2026-09-07 11:22:53.366689,STN_003,9.03,6.67
2026-09-07 12:22:53.366689,STN_003,12.16,6.89
2026-09-07 13:22:53.366689,STN_003,6.72,6.89
2026-09-07 14:22:53.366689,STN_003,8.88,6.49
2026-09-07 15:22:53.366689,STN_003,14.81,6.97
2026-09-07 16:22:53.366689,STN_003,6.84,7.0
2026-09-07 17:22:53.366689,STN_003,9.01,7.36
2026-09-07 18:22:53.366689,STN_003,7.01,7.08
2026-09-07 19:22:53.366689,STN_003,14.22,6.95
2026-09-07 20:22:53.366689,STN_003,7.04,7.07
2026-09-07 21:22:53.366689,STN_003,6.56,6.5
2026-09-07 22:22:53.366689,STN_003,7.3,6.31
2026-09-07 23:22:53.366689,STN_003,9.47,6.59
2026-09-08 00:22:53.366689,STN_003,14.91,6.86
2026-09-08 01:22:53.366689,STN_003,6.84,7.06
2026-09-08 02:22:53.366689,STN_003,29.22,6.54
2026-09-08 03:22:53.366689,STN_003,19.03,6.96
2026-09-08 04:22:53.366689,STN_003,6.83,7.03
2026-09-08 05:22:53.366689,STN_003,16.1,7.26
2026-09-08 06:22:53.366689,STN_003,24.01,6.66
2026-09-08 07:22:53.366689,STN_003,18.72,6.48
2026-09-08 08:22:53.366689,STN_003,8.36,7.15
2026-09-08 09:22:53.366689,STN_003,10.01,6.69
2026-09-08 10:22:53.366689,STN_003,6.85,7.67
2026-09-08 11:22:53.366689,STN_003,11.03,7.03
2026-09-08 12:22:53.366689,STN_003,7.37,7.49
2026-09-08 13:22:53.366689,STN_003,7.03,7.3
2026-09-08 14:22:53.366689,STN_003,7.77,7.01
2026-09-08 15:22:53.366689,STN_003,8.54,7.49
2026-09-08 16:22:53.366689,STN_003,8.06,6.77
2026-09-08 17:22:53.366689,STN_003,9.94,6.73
2026-09-08 18:22:53.366689,STN_003,6.68,7.08
2026-09-08 19:22:53.366689,STN_003,7.61,7.07
2026-09-08 20:22:53.366689,STN_003,8.48,6.97
2026-09-08 21:22:53.366689,STN_003,9.8,7.12
2026-08-29 22:22:53.366689,STN_004,3.39,
2026-08-29 23:22:53.366689,STN_004,4.45,
2026-08-30 00:22:53.366689,STN_004,9.6,
2026-08-30 01:22:53.366689,STN_004,4.7,
2026-08-30 02:22:53.366689,STN_004,11.54,
2026-08-30 03:22:53.366689,STN_004,6.75,
2026-08-30 04:22:53.366689,STN_004,9.82,
2026-08-30 05:22:53.366689,STN_004,32.72,
2026-08-30 06:22:53.366689,STN_004,7.38,
2026-08-30 07:22:53.366689,STN_004,4.96,
2026-08-30 08:22:53.366689,STN_004,4.77,
2026-08-30 09:22:53.366689,STN_004,17.69,
2026-08-30 10:22:53.366689,STN_004,8.3,
2026-08-30 11:22:53.366689,STN_004,6.08,
2026-08-30 12:22:53.366689,STN_004,4.25,
2026-08-30 13:22:53.366689,STN_004,19.82,
2026-08-30 14:22:53.366689,STN_004,9.03,
2026-08-30 15:22:53.366689,STN_004,18.0,
2026-08-30 16:22:53.366689,STN_004,7.76,
2026-08-30 17:22:53.366689,STN_004,3.39,
2026-08-30 18:22:53.366689,STN_004,5.79,
2026-08-30 19:22:53.366689,STN_004,10.32,
2026-08-30 20:22:53.366689,STN_004,6.15,
2026-08-30 21:22:53.366689,STN_004,4.98,7.06
2026-08-30 22:22:53.366689,STN_004,11.29,7.02
2026-08-30 23:22:53.366689,STN_004,6.84,6.6
2026-08-31 00:22:53.366689,STN_004,6.2,6.98
2026-08-31 01:22:53.366689,STN_004,6.06,6.72
2026-08-31 02:22:53.366689,STN_004,7.97,6.79
2026-08-31 03:22:53.366689,STN_004,5.82,6.74
2026-08-31 04:22:53.366689,STN_004,47.87,7.53
2026-08-31 05:22:53.366689,STN_004,4.75,6.7
2026-08-31 06:22:53.366689,STN_004,4.15,6.97
2026-08-31 07:22:53.366689,STN_004,10.25,6.48
2026-08-31 08:22:53.366689,STN_004,4.93,6.35
2026-08-31 09:22:53.366689,STN_004,3.93,7.26
2026-08-31 10:22:53.366689,STN_004,4.21,6.94
2026-08-31 11:22:53.366689,STN_004,5.52,6.87
2026-08-31 12:22:53.366689,STN_004,4.74,6.95
2026-08-31 13:22:53.366689,STN_004,,6.79
2026-08-31 14:22:53.366689,STN_004,5.11,6.38
2026-08-31 15:22:53.366689,STN_004,6.92,6.62
2026-08-31 16:22:53.366689,STN_004,4.12,6.25
2026-08-31 17:22:53.366689,STN_004,3.98,6.63
2026-08-31 18:22:53.366689,STN_004,,6.16
2026-08-31 19:22:53.366689,STN_004,11.39,6.63
2026-08-31 20:22:53.366689,STN_004,12.51,6.15
2026-08-31 21:22:53.366689,STN_004,6.11,6.94
2026-08-31 22:22:53.366689,STN_004,3.79,6.64
2026-08-31 23:22:53.366689,STN_004,4.98,6.41
2026-09-01 00:22:53.366689,STN_004,12.02,6.8
2026-09-01 01:22:53.366689,STN_004,5.69,6.86
2026-09-01 02:22:53.366689,STN_004,5.08,6.78
2026-09-01 03:22:53.366689,STN_004,4.9,6.31
2026-09-01 04:22:53.366689,STN_004,6.68,6.21
2026-09-01 05:22:53.366689,STN_004,5.9,6.09
2026-09-01 06:22:53.366689,STN_004,5.37,6.49
2026-09-01 07:22:53.366689,STN_004,5.7,6.03
2026-09-01 08:22:53.366689,STN_004,4.74,6.16
2026-09-01 09:22:53.366689,STN_004,4.35,6.66
2026-09-01 10:22:53.366689,STN_004,4.4,5.95
2026-09-01 11:22:53.366689,STN_004,3.65,6.15
2026-09-01 12:22:53.366689,STN_004,15.14,6.49
2026-09-01 13:22:53.366689,STN_004,16.04,6.02
2026-09-01 14:22:53.366689,STN_004,3.93,7.0
2026-09-01 15:22:53.366689,STN_004,3.8,5.91
2026-09-01 16:22:53.366689,STN_004,5.65,6.18
2026-09-01 17:22:53.366689,STN_004,9.27,6.44
2026-09-01 18:22:53.366689,STN_004,10.49,6.63
2026-09-01 19:22:53.366689,STN_004,3.58,6.13
2026-09-01 20:22:53.366689,STN_004,4.83,5.82
2026-09-01 21:22:53.366689,STN_004,6.56,6.22
2026-09-01 22:22:53.366689,STN_004,4.18,6.72
2026-09-01 23:22:53.366689,STN_004,17.62,5.85
2026-09-02 00:22:53.366689,STN_004,4.76,6.34
2026-09-02 01:22:53.366689,STN_004,6.63,6.78
2026-09-02 02:22:53.366689,STN_004,4.06,6.01
2026-09-02 03:22:53.366689,STN_004,5.25,6.36
2026-09-02 04:22:53.366689,STN_004,4.12,5.94
2026-09-02 05:22:53.366689,STN_004,13.31,6.44
2026-09-02 06:22:53.366689,STN_004,15.57,6.38
2026-09-02 07:22:53.366689,STN_004,6.72,5.63
2026-09-02 08:22:53.366689,STN_004,5.32,6.75
2026-09-02 09:22:53.366689,STN_004,5.16,6.63
2026-09-02 10:22:53.366689,STN_004,13.89,6.65
2026-09-02 11:22:53.366689,STN_004,7.46,7.03
2026-09-02 12:22:53.366689,STN_004,5.71,6.79
2026-09-02 13:22:53.366689,STN_004,9.5,6.41
2026-09-02 14:22:53.366689,STN_004,6.66,6.52
2026-09-02 15:22:53.366689,STN_004,4.58,6.36
2026-09-02 16:22:53.366689,STN_004,4.69,6.1
2026-09-02 17:22:53.366689,STN_004,4.89,6.45
2026-09-02 18:22:53.366689,STN_004,3.66,6.1
2026-09-02 19:22:53.366689,STN_004,4.78,6.54
2026-09-02 20:22:53.366689,STN_004,7.38,6.19
2026-09-02 21:22:53.366689,STN_004,9.2,6.26
2026-09-02 22:22:53.366689,STN_004,4.18,6.49
2026-09-02 23:22:53.366689,STN_004,18.04,7.14
2026-09-03 00:22:53.366689,STN_004,6.39,6.68
2026-09-03 01:22:53.366689,STN_004,,6.0
2026-09-03 02:22:53.366689,STN_004,14.95,5.71
2026-09-03 03:22:53.366689,STN_004,4.97,6.28
2026-09-03 04:22:53.366689,STN_004,5.18,6.76
2026-09-03 05:22:53.366689,STN_004,6.16,6.21
2026-09-03 06:22:53.366689,STN_004,5.27,6.35
2026-09-03 07:22:53.366689,STN_004,4.48,6.42
2026-09-03 08:22:53.366689,STN_004,4.25,6.72
2026-09-03 09:22:53.366689,STN_004,6.55,6.63
2026-09-03 10:22:53.366689,STN_004,3.99,5.81
2026-09-03 11:22:53.366689,STN_004,8.65,6.13
2026-09-03 12:22:53.366689,STN_004,5.38,6.44
2026-09-03 13:22:53.366689,STN_004,23.34,5.93
2026-09-03 14:22:53.366689,STN_004,3.96,6.15
2026-09-03 15:22:53.366689,STN_004,3.9,6.97
2026-09-03 16:22:53.366689,STN_004,4.86,6.47
2026-09-03 17:22:53.366689,STN_004,5.43,5.88
2026-09-03 18:22:53.366689,STN_004,10.41,6.16
2026-09-03 19:22:53.366689,STN_004,10.78,6.61
2026-09-03 20:22:53.366689,STN_004,8.84,6.43
2026-09-03 21:22:53.366689,STN_004,10.69,6.46
2026-09-03 22:22:53.366689,STN_004,9.02,6.76
2026-09-03 23:22:53.366689,STN_004,12.06,6.57
2026-09-04 00:22:53.366689,STN_004,6.3,6.35
2026-09-04 01:22:53.366689,STN_004,5.1,6.46
2026-09-04 02:22:53.366689,STN_004,7.78,6.51
2026-09-04 03:22:53.366689,STN_004,5.62,6.29
2026-09-04 04:22:53.366689,STN_004,4.08,6.58
2026-09-04 05:22:53.366689,STN_004,11.55,6.91
2026-09-04 06:22:53.366689,STN_004,10.99,6.57
2026-09-04 07:22:53.366689,STN_004,6.55,6.7
2026-09-04 08:22:53.366689,STN_004,6.31,6.08
2026-09-04 09:22:53.366689,STN_004,4.31,6.83
2026-09-04 10:22:53.366689,STN_004,4.34,6.62
2026-09-04 11:22:53.366689,STN_004,10.2,6.35
2026-09-04 12:22:53.366689,STN_004,11.5,5.88
2026-09-04 13:22:53.366689,STN_004,3.83,6.57
2026-09-04 14:22:53.366689,STN_004,9.93,6.64
2026-09-04 15:22:53.366689,STN_004,6.88,6.46
2026-09-04 16:22:53.366689,STN_004,6.1,6.1
2026-09-04 17:22:53.366689,STN_004,6.39,6.43
2026-09-04 18:22:53.366689,STN_004,8.8,6.27
2026-09-04 19:22:53.366689,STN_004,3.81,6.52
2026-09-04 20:22:53.366689,STN_004,4.06,6.51
2026-09-04 21:22:53.366689,STN_004,11.17,6.3
2026-09-04 22:22:53.366689,STN_004,28.12,6.42
2026-09-04 23:22:53.366689,STN_004,5.01,6.74
2026-09-05 00:22:53.366689,STN_004,,6.51
2026-09-05 01:22:53.366689,STN_004,60.56,7.16
2026-09-05 02:22:53.366689,STN_004,8.28,7.05
2026-09-05 03:22:53.366689,STN_004,10.03,7.36
2026-09-05 04:22:53.366689,STN_004,13.73,6.65
2026-09-05 05:22:53.366689,STN_004,5.13,7.17
2026-09-05 06:22:53.366689,STN_004,6.9,6.64
2026-09-05 07:22:53.366689,STN_004,4.51,6.85
2026-09-05 08:22:53.366689,STN_004,17.98,7.33
2026-09-05 09:22:53.366689,STN_004,9.57,7.54
2026-09-05 10:22:53.366689,STN_004,4.74,7.3
2026-09-05 11:22:53.366689,STN_004,9.29,7.51
2026-09-05 12:22:53.366689,STN_004,10.32,7.03
2026-09-05 13:22:53.366689,STN_004,,7.79
2026-09-05 14:22:53.366689,STN_004,6.67,6.9
2026-09-05 15:22:53.366689,STN_004,10.83,7.39
2026-09-05 16:22:53.366689,STN_004,,6.98
2026-09-05 17:22:53.366689,STN_004,4.11,7.44
2026-09-05 18:22:53.366689,STN_004,5.59,7.25
2026-09-05 19:22:53.366689,STN_004,10.0,6.81
2026-09-05 20:22:53.366689,STN_004,4.33,7.42
2026-09-05 21:22:53.366689,STN_004,5.39,6.76
2026-09-05 22:22:53.366689,STN_004,11.7,7.08
2026-09-05 23:22:53.366689,STN_004,4.72,6.7
2026-09-06 00:22:53.366689,STN_004,5.98,6.99
2026-09-06 01:22:53.366689,STN_004,7.24,6.12
2026-09-06 02:22:53.366689,STN_004,4.79,6.49
2026-09-06 03:22:53.366689,STN_004,8.83,6.82
2026-09-06 04:22:53.366689,STN_004,10.09,6.31
2026-09-06 05:22:53.366689,STN_004,8.04,6.62
2026-09-06 06:22:53.366689,STN_004,23.86,6.35
2026-09-06 07:22:53.366689,STN_004,24.15,6.92
2026-09-06 08:22:53.366689,STN_004,4.02,6.91
2026-09-06 09:22:53.366689,STN_004,5.25,6.93
2026-09-06 10:22:53.366689,STN_004,11.34,6.48
2026-09-06 11:22:53.366689,STN_004,4.55,5.94
2026-09-06 12:22:53.366689,STN_004,9.78,6.79
2026-09-06 13:22:53.366689,STN_004,14.61,6.42
2026-09-06 14:22:53.366689,STN_004,7.3,
2026-09-06 15:22:53.366689,STN_004,12.59,7.01
2026-09-06 16:22:53.366689,STN_004,5.15,6.51
2026-09-06 17:22:53.366689,STN_004,9.14,6.29
2026-09-06 18:22:53.366689,STN_004,10.07,6.74
2026-09-06 19:22:53.366689,STN_004,6.68,6.37
2026-09-06 20:22:53.366689,STN_004,7.7,7.05
2026-09-06 21:22:53.366689,STN_004,4.38,6.82
2026-09-06 22:22:53.366689,STN_004,5.41,7.12
2026-09-06 23:22:53.366689,STN_004,4.43,6.73
2026-09-07 00:22:53.366689,STN_004,5.21,6.83
2026-09-07 01:22:53.366689,STN_004,13.04,6.46
2026-09-07 02:22:53.366689,STN_004,11.76,7.39
2026-09-07 03:22:53.366689,STN_004,6.86,7.36
2026-09-07 04:22:53.366689,STN_004,7.07,7.32
2026-09-07 05:22:53.366689,STN_004,5.46,6.83
2026-09-07 06:22:53.366689,STN_004,10.2,6.77
2026-09-07 07:22:53.366689,STN_004,51.6,6.61
2026-09-07 08:22:53.366689,STN_004,4.98,7.2
2026-09-07 09:22:53.366689,STN_004,6.66,6.7
2026-09-07 10:22:53.366689,STN_004,4.21,6.81
2026-09-07 11:22:53.366689,STN_004,4.18,7.17
2026-09-07 12:22:53.366689,STN_004,9.42,6.77
2026-09-07 13:22:53.366689,STN_004,4.87,6.67
2026-09-07 14:22:53.366689,STN_004,17.94,7.54
2026-09-07 15:22:53.366689,STN_004,5.89,6.85
2026-09-07 16:22:53.366689,STN_004,8.91,6.6
2026-09-07 17:22:53.366689,STN_004,6.6,6.91
2026-09-07 18:22:53.366689,STN_004,6.22,7.09
2026-09-07 19:22:53.366689,STN_004,8.52,7.05
2026-09-07 20:22:53.366689,STN_004,8.05,6.83
2026-09-07 21:22:53.366689,STN_004,12.49,6.77
2026-09-07 22:22:53.366689,STN_004,4.57,6.7
2026-09-07 23:22:53.366689,STN_004,7.04,6.91
2026-09-08 00:22:53.366689,STN_004,7.96,7.1
2026-09-08 01:22:53.366689,STN_004,8.41,6.79
2026-09-08 02:22:53.366689,STN_004,8.14,6.48
2026-09-08 03:22:53.366689,STN_004,6.05,7.02
2026-09-08 04:22:53.366689,STN_004,4.34,7.21
2026-09-08 05:22:53.366689,STN_004,9.21,6.86
2026-09-08 06:22:53.366689,STN_004,4.39,6.72
2026-09-08 07:22:53.366689,STN_004,6.76,6.25
2026-09-08 08:22:53.366689,STN_004,9.29,6.47
2026-09-08 09:22:53.366689,STN_004,5.49,6.1
2026-09-08 10:22:53.366689,STN_004,4.33,5.99
2026-09-08 11:22:53.366689,STN_004,4.6,6.81
2026-09-08 12:22:53.366689,STN_004,4.81,5.79
2026-09-08 13:22:53.366689,STN_004,8.59,6.1
2026-09-08 14:22:53.366689,STN_004,8.45,6.49
2026-09-08 15:22:53.366689,STN_004,19.55,6.33
2026-09-08 16:22:53.366689,STN_004,5.78,6.54
2026-09-08 17:22:53.366689,STN_004,4.78,6.87
2026-09-08 18:22:53.366689,STN_004,4.97,6.46
2026-09-08 19:22:53.366689,STN_004,4.35,6.09
2026-09-08 20:22:53.366689,STN_004,11.16,6.58
2026-09-08 21:22:53.366689,STN_004,4.53,6.34
2026-08-29 22:22:53.366689,STN_005,9.88,
2026-08-29 23:22:53.366689,STN_005,9.89,
2026-08-30 00:22:53.366689,STN_005,15.27,
2026-08-30 01:22:53.366689,STN_005,12.74,
2026-08-30 02:22:53.366689,STN_005,119.46,
2026-08-30 03:22:53.366689,STN_005,13.4,
2026-08-30 04:22:53.366689,STN_005,10.89,
2026-08-30 05:22:53.366689,STN_005,16.01,
2026-08-30 06:22:53.366689,STN_005,9.96,
2026-08-30 07:22:53.366689,STN_005,16.4,
2026-08-30 08:22:53.366689,STN_005,14.21,
2026-08-30 09:22:53.366689,STN_005,14.31,
2026-08-30 10:22:53.366689,STN_005,10.01,
2026-08-30 11:22:53.366689,STN_005,10.78,
2026-08-30 12:22:53.366689,STN_005,12.52,
2026-08-30 13:22:53.366689,STN_005,12.17,
2026-08-30 14:22:53.366689,STN_005,9.94,
2026-08-30 15:22:53.366689,STN_005,11.47,
2026-08-30 16:22:53.366689,STN_005,23.53,
2026-08-30 17:22:53.366689,STN_005,11.3,
2026-08-30 18:22:53.366689,STN_005,13.84,
2026-08-30 19:22:53.366689,STN_005,14.41,
2026-08-30 20:22:53.366689,STN_005,13.74,
2026-08-30 21:22:53.366689,STN_005,76.68,10.79
2026-08-30 22:22:53.366689,STN_005,13.33,10.39
2026-08-30 23:22:53.366689,STN_005,14.81,10.59
2026-08-31 00:22:53.366689,STN_005,11.87,11.3
2026-08-31 01:22:53.366689,STN_005,11.25,10.8
2026-08-31 02:22:53.366689,STN_005,11.22,9.55
2026-08-31 03:22:53.366689,STN_005,19.95,9.96
2026-08-31 04:22:53.366689,STN_005,14.07,10.69
2026-08-31 05:22:53.366689,STN_005,15.52,9.91
2026-08-31 06:22:53.366689,STN_005,13.29,10.33
2026-08-31 07:22:53.366689,STN_005,13.92,9.64
2026-08-31 08:22:53.366689,STN_005,11.23,10.25
2026-08-31 09:22:53.366689,STN_005,18.87,10.02
2026-08-31 10:22:53.366689,STN_005,12.72,10.36
2026-08-31 11:22:53.366689,STN_005,16.48,10.27
2026-08-31 12:22:53.366689,STN_005,12.86,10.11
2026-08-31 13:22:53.366689,STN_005,10.43,10.25
2026-08-31 14:22:53.366689,STN_005,10.41,10.19
2026-08-31 15:22:53.366689,STN_005,12.43,10.19
2026-08-31 16:22:53.366689,STN_005,12.18,9.49
2026-08-31 17:22:53.366689,STN_005,19.72,10.34
2026-08-31 18:22:53.366689,STN_005,10.5,9.78
2026-08-31 19:22:53.366689,STN_005,14.58,9.84
2026-08-31 20:22:53.366689,STN_005,19.95,
2026-08-31 21:22:53.366689,STN_005,43.36,10.06
2026-08-31 22:22:53.366689,STN_005,18.69,9.86
2026-08-31 23:22:53.366689,STN_005,10.66,10.13
2026-09-01 00:22:53.366689,STN_005,10.49,9.6
2026-09-01 01:22:53.366689,STN_005,11.1,9.9
2026-09-01 02:22:53.366689,STN_005,12.99,9.68
2026-09-01 03:22:53.366689,STN_005,14.2,9.89
2026-09-01 04:22:53.366689,STN_005,15.94,10.28
2026-09-01 05:22:53.366689,STN_005,15.86,9.47
2026-09-01 06:22:53.366689,STN_005,10.51,9.9
2026-09-01 07:22:53.366689,STN_005,18.33,9.96
2026-09-01 08:22:53.366689,STN_005,10.52,9.75
2026-09-01 09:22:53.366689,STN_005,19.16,10.15
2026-09-01 10:22:53.366689,STN_005,22.68,
2026-09-01 11:22:53.366689,STN_005,13.55,9.6
2026-09-01 12:22:53.366689,STN_005,14.78,9.84
2026-09-01 13:22:53.366689,STN_005,11.89,9.99
2026-09-01 14:22:53.366689,STN_005,13.24,9.85
2026-09-01 15:22:53.366689,STN_005,17.18,10.04
2026-09-01 16:22:53.366689,STN_005,10.73,10.3
2026-09-01 17:22:53.366689,STN_005,12.83,9.35
2026-09-01 18:22:53.366689,STN_005,12.15,9.68
2026-09-01 19:22:53.366689,STN_005,18.09,9.84
2026-09-01 20:22:53.366689,STN_005,10.6,10.23
2026-09-01 21:22:53.366689,STN_005,18.93,9.43
2026-09-01 22:22:53.366689,STN_005,11.3,9.31
2026-09-01 23:22:53.366689,STN_005,13.87,9.16
2026-09-02 00:22:53.366689,STN_005,12.05,9.52
2026-09-02 01:22:53.366689,STN_005,20.94,9.87
2026-09-02 02:22:53.366689,STN_005,11.02,8.83
2026-09-02 03:22:53.366689,STN_005,12.94,9.32
2026-09-02 04:22:53.366689,STN_005,11.18,9.39
2026-09-02 05:22:53.366689,STN_005,16.61,9.54
2026-09-02 06:22:53.366689,STN_005,11.41,9.54
2026-09-02 07:22:53.366689,STN_005,22.42,8.82
2026-09-02 08:22:53.366689,STN_005,20.47,9.9
2026-09-02 09:22:53.366689,STN_005,12.72,9.52
2026-09-02 10:22:53.366689,STN_005,10.2,9.09
2026-09-02 11:22:53.366689,STN_005,23.6,9.64
2026-09-02 12:22:53.366689,STN_005,14.78,9.7
2026-09-02 13:22:53.366689,STN_005,12.85,9.39
2026-09-02 14:22:53.366689,STN_005,13.85,10.21
2026-09-02 15:22:53.366689,STN_005,10.61,9.56
2026-09-02 16:22:53.366689,STN_005,10.83,9.47
2026-09-02 17:22:53.366689,STN_005,14.22,10.11
2026-09-02 18:22:53.366689,STN_005,10.34,9.14
2026-09-02 19:22:53.366689,STN_005,14.99,9.35
2026-09-02 20:22:53.366689,STN_005,20.23,9.41
2026-09-02 21:22:53.366689,STN_005,66.96,9.97
2026-09-02 22:22:53.366689,STN_005,13.54,10.78
2026-09-02 23:22:53.366689,STN_005,77.87,10.28
2026-09-03 00:22:53.366689,STN_005,15.77,10.55
2026-09-03 01:22:53.366689,STN_005,13.82,10.08
2026-09-03 02:22:53.366689,STN_005,11.12,11.23
2026-09-03 03:22:53.366689,STN_005,10.28,10.47
2026-09-03 04:22:53.366689,STN_005,12.69,10.78
2026-09-03 05:22:53.366689,STN_005,11.35,10.59
2026-09-03 06:22:53.366689,STN_005,11.28,11.27
2026-09-03 07:22:53.366689,STN_005,13.07,10.65
2026-09-03 08:22:53.366689,STN_005,12.13,9.77
2026-09-03 09:22:53.366689,STN_005,13.05,10.53
2026-09-03 10:22:53.366689,STN_005,11.5,10.51
2026-09-03 11:22:53.366689,STN_005,14.01,9.89
2026-09-03 12:22:53.366689,STN_005,14.14,10.35
2026-09-03 13:22:53.366689,STN_005,11.18,10.26
2026-09-03 14:22:53.366689,STN_005,13.6,10.61
2026-09-03 15:22:53.366689,STN_005,12.6,10.34
2026-09-03 16:22:53.366689,STN_005,24.2,10.87
2026-09-03 17:22:53.366689,STN_005,15.36,10.73
2026-09-03 18:22:53.366689,STN_005,11.05,10.81
2026-09-03 19:22:53.366689,STN_005,18.8,9.95
2026-09-03 20:22:53.366689,STN_005,12.84,10.84
2026-09-03 21:22:53.366689,STN_005,17.75,9.42
2026-09-03 22:22:53.366689,STN_005,17.46,9.85
2026-09-03 23:22:53.366689,STN_005,10.42,9.49
2026-09-04 00:22:53.366689,STN_005,11.41,9.58
2026-09-04 01:22:53.366689,STN_005,20.03,9.84
2026-09-04 02:22:53.366689,STN_005,16.22,9.05
2026-09-04 03:22:53.366689,STN_005,10.93,9.85
2026-09-04 04:22:53.366689,STN_005,11.3,9.89
2026-09-04 05:22:53.366689,STN_005,14.21,9.71
2026-09-04 06:22:53.366689,STN_005,11.66,9.45
2026-09-04 07:22:53.366689,STN_005,11.26,8.97
2026-09-04 08:22:53.366689,STN_005,26.75,10.06
2026-09-04 09:22:53.366689,STN_005,12.8,9.87
2026-09-04 10:22:53.366689,STN_005,13.28,
2026-09-04 11:22:53.366689,STN_005,14.57,9.83
2026-09-04 12:22:53.366689,STN_005,10.66,8.92
2026-09-04 13:22:53.366689,STN_005,12.37,10.04
2026-09-04 14:22:53.366689,STN_005,19.78,10.14
2026-09-04 15:22:53.366689,STN_005,21.82,10.22
2026-09-04 16:22:53.366689,STN_005,13.08,9.69
2026-09-04 17:22:53.366689,STN_005,19.26,9.76
2026-09-04 18:22:53.366689,STN_005,13.11,9.88
2026-09-04 19:22:53.366689,STN_005,27.31,10.28
2026-09-04 20:22:53.366689,STN_005,16.54,9.83
2026-09-04 21:22:53.366689,STN_005,17.44,10.41
2026-09-04 22:22:53.366689,STN_005,11.28,9.35
2026-09-04 23:22:53.366689,STN_005,10.47,9.84
2026-09-05 00:22:53.366689,STN_005,13.26,9.51
2026-09-05 01:22:53.366689,STN_005,26.7,10.18
2026-09-05 02:22:53.366689,STN_005,24.13,9.7
2026-09-05 03:22:53.366689,STN_005,14.26,10.34
2026-09-05 04:22:53.366689,STN_005,11.27,10.26
2026-09-05 05:22:53.366689,STN_005,10.49,9.71
2026-09-05 06:22:53.366689,STN_005,13.2,10.21
2026-09-05 07:22:53.366689,STN_005,11.89,10.16
2026-09-05 08:22:53.366689,STN_005,12.09,9.92
2026-09-05 09:22:53.366689,STN_005,17.62,10.26
2026-09-05 10:22:53.366689,STN_005,10.83,10.08
2026-09-05 11:22:53.366689,STN_005,10.83,9.42
2026-09-05 12:22:53.366689,STN_005,12.79,10.17
2026-09-05 13:22:53.366689,STN_005,12.59,9.68
2026-09-05 14:22:53.366689,STN_005,10.72,9.7
2026-09-05 15:22:53.366689,STN_005,13.61,9.5
2026-09-05 16:22:53.366689,STN_005,12.71,9.71
2026-09-05 17:22:53.366689,STN_005,30.33,9.66
2026-09-05 18:22:53.366689,STN_005,10.73,10.16
2026-09-05 19:22:53.366689,STN_005,10.95,9.49
2026-09-05 20:22:53.366689,STN_005,11.14,9.26
2026-09-05 21:22:53.366689,STN_005,12.02,9.97
2026-09-05 22:22:53.366689,STN_005,14.92,9.93
2026-09-05 23:22:53.366689,STN_005,24.14,9.49
2026-09-06 00:22:53.366689,STN_005,20.09,9.54
2026-09-06 01:22:53.366689,STN_005,12.89,9.35
2026-09-06 02:22:53.366689,STN_005,10.85,9.35
2026-09-06 03:22:53.366689,STN_005,14.7,9.95
2026-09-06 04:22:53.366689,STN_005,,10.02
2026-09-06 05:22:53.366689,STN_005,10.65,9.39
2026-09-06 06:22:53.366689,STN_005,17.36,9.75
2026-09-06 07:22:53.366689,STN_005,13.57,9.4
2026-09-06 08:22:53.366689,STN_005,12.86,9.91
2026-09-06 09:22:53.366689,STN_005,15.7,9.49
2026-09-06 10:22:53.366689,STN_005,18.37,9.8
2026-09-06 11:22:53.366689,STN_005,21.32,9.61
2026-09-06 12:22:53.366689,STN_005,12.17,10.03
2026-09-06 13:22:53.366689,STN_005,11.37,10.11
2026-09-06 14:22:53.366689,STN_005,12.16,9.95
2026-09-06 15:22:53.366689,STN_005,25.52,9.49
2026-09-06 16:22:53.366689,STN_005,10.97,10.03
2026-09-06 17:22:53.366689,STN_005,22.56,9.84
2026-09-06 18:22:53.366689,STN_005,14.41,10.13
2026-09-06 19:22:53.366689,STN_005,50.17,9.92
2026-09-06 20:22:53.366689,STN_005,18.39,9.54
2026-09-06 21:22:53.366689,STN_005,15.13,10.09
2026-09-06 22:22:53.366689,STN_005,11.28,10.27
2026-09-06 23:22:53.366689,STN_005,12.33,9.41
2026-09-07 00:22:53.366689,STN_005,18.91,10.47
2026-09-07 01:22:53.366689,STN_005,15.87,9.8
2026-09-07 02:22:53.366689,STN_005,12.19,10.17
2026-09-07 03:22:53.366689,STN_005,16.98,10.07
2026-09-07 04:22:53.366689,STN_005,11.83,10.06
2026-09-07 05:22:53.366689,STN_005,13.85,9.52
2026-09-07 06:22:53.366689,STN_005,21.5,10.24
2026-09-07 07:22:53.366689,STN_005,12.95,9.77
2026-09-07 08:22:53.366689,STN_005,13.91,9.87
2026-09-07 09:22:53.366689,STN_005,16.64,10.37
2026-09-07 10:22:53.366689,STN_005,,10.32
2026-09-07 11:22:53.366689,STN_005,13.04,9.75
2026-09-07 12:22:53.366689,STN_005,20.76,10.07
2026-09-07 13:22:53.366689,STN_005,14.88,10.73
2026-09-07 14:22:53.366689,STN_005,15.49,9.6
2026-09-07 15:22:53.366689,STN_005,145.97,10.89
2026-09-07 16:22:53.366689,STN_005,14.21,10.83
2026-09-07 17:22:53.366689,STN_005,18.83,11.63
2026-09-07 18:22:53.366689,STN_005,30.19,11.11
2026-09-07 19:22:53.366689,STN_005,15.17,10.83
2026-09-07 20:22:53.366689,STN_005,15.27,11.22
2026-09-07 21:22:53.366689,STN_005,11.46,10.46
2026-09-07 22:22:53.366689,STN_005,13.25,11.59
2026-09-07 23:22:53.366689,STN_005,16.11,11.36
2026-09-08 00:22:53.366689,STN_005,12.44,11.05
2026-09-08 01:22:53.366689,STN_005,11.26,10.88
2026-09-08 02:22:53.366689,STN_005,10.84,11.22
2026-09-08 03:22:53.366689,STN_005,15.18,11.01
2026-09-08 04:22:53.366689,STN_005,10.89,10.99
2026-09-08 05:22:53.366689,STN_005,13.44,11.15
2026-09-08 06:22:53.366689,STN_005,19.33,10.85
2026-09-08 07:22:53.366689,STN_005,17.71,10.77
2026-09-08 08:22:53.366689,STN_005,15.84,11.41
2026-09-08 09:22:53.366689,STN_005,18.62,10.84
2026-09-08 10:22:53.366689,STN_005,16.28,10.79
2026-09-08 11:22:53.366689,STN_005,10.83,11.08
2026-09-08 12:22:53.366689,STN_005,13.31,11.77
2026-09-08 13:22:53.366689,STN_005,10.82,11.01
2026-09-08 14:22:53.366689,STN_005,14.0,10.97
2026-09-08 15:22:53.366689,STN_005,11.84,9.96
2026-09-08 16:22:53.366689,STN_005,13.09,10.21
2026-09-08 17:22:53.366689,STN_005,11.67,10.06
2026-09-08 18:22:53.366689,STN_005,17.6,9.88
2026-09-08 19:22:53.366689,STN_005,11.57,9.39
2026-09-08 20:22:53.366689,STN_005,12.34,9.74
2026-09-08 21:22:53.366689,STN_005,10.82,9.36
